id,device_id,timestamp,temperature,humidity,pressure_hpa,status
1,arduino_dht22,2026-06-22 11:57:20,23.50,46.70,,OK
2,esp32_bmp280,2026-06-22 11:57:20,24.57,,1013.89,OK
3,esp32_bmp280,2026-06-22 11:57:21,24.35,,1011.49,OK
4,arduino_dht22,2026-06-22 11:57:22,23.20,48.20,,OK
5,esp32_bmp280,2026-06-22 11:57:22,24.43,,1013.92,OK
6,esp32_bmp280,2026-06-22 11:57:23,24.55,,1014.05,OK
7,arduino_dht22,2026-06-22 11:57:24,22.50,45.10,,OK
8,esp32_bmp280,2026-06-22 11:57:24,24.59,,1013.72,OK
9,esp32_bmp280,2026-06-22 11:57:25,24.37,,1012.1,OK
10,arduino_dht22,2026-06-22 11:57:26,22.40,45.10,,OK
11,esp32_bmp280,2026-06-22 11:57:26,24.40,,1013.39,OK
12,esp32_bmp280,2026-06-22 11:57:27,24.50,,1013.31,OK
13,arduino_dht22,2026-06-22 11:57:28,22.30,45.20,,OK
14,esp32_bmp280,2026-06-22 11:57:28,24.62,,1013.41,OK
15,esp32_bmp280,2026-06-22 11:57:29,24.47,,1013.12,OK
16,arduino_dht22,2026-06-22 11:57:30,23.70,45.40,,OK
17,esp32_bmp280,2026-06-22 11:57:30,24.21,,1013.87,OK
18,esp32_bmp280,2026-06-22 11:57:31,24.42,,1012.08,OK
19,arduino_dht22,2026-06-22 11:57:32,23.80,46.50,,OK
20,esp32_bmp280,2026-06-22 11:57:32,24.54,,1013.48,OK
21,esp32_bmp280,2026-06-22 11:57:33,24.34,,1012.1,OK
22,arduino_dht22,2026-06-22 11:57:34,23.50,47.50,,OK
23,esp32_bmp280,2026-06-22 11:57:34,24.48,,1013.17,OK
24,esp32_bmp280,2026-06-22 11:57:35,24.57,,1012.23,OK
25,arduino_dht22,2026-06-23 09:31:19,23.60,45.90,,OK
26,esp32_bmp280,2026-06-23 09:31:19,24.65,,1012.66,OK
27,esp32_bmp280,2026-06-23 09:31:20,24.64,,1013.88,OK
28,arduino_dht22,2026-06-23 09:31:21,23.00,45.10,,OK
29,esp32_bmp280,2026-06-23 09:31:21,24.18,,1012.98,OK
30,esp32_bmp280,2026-06-23 09:31:22,24.16,,1012.31,OK
31,arduino_dht22,2026-06-23 09:31:23,22.20,47.10,,OK
32,esp32_bmp280,2026-06-23 09:31:23,24.17,,1013.63,OK
33,esp32_bmp280,2026-06-23 09:31:24,24.61,,1011.77,OK
34,arduino_dht22,2026-06-23 09:31:25,23.50,48.30,,OK
35,esp32_bmp280,2026-06-23 09:31:25,24.26,,1013.02,OK
36,esp32_bmp280,2026-06-23 09:31:26,24.48,,1013.54,OK
37,arduino_dht22,2026-06-23 09:31:27,22.10,46.60,,OK
38,esp32_bmp280,2026-06-23 09:31:27,24.28,,1011.49,OK
39,esp32_bmp280,2026-06-23 09:31:28,24.35,,1012.33,OK
40,arduino_dht22,2026-06-23 09:31:29,22.80,48.30,,OK
41,esp32_bmp280,2026-06-23 09:31:29,24.59,,1012.89,OK
42,esp32_bmp280,2026-06-23 09:31:30,24.43,,1011.62,OK
43,arduino_dht22,2026-06-23 09:31:31,23.60,47.60,,OK
44,esp32_bmp280,2026-06-23 09:31:31,24.27,,1011.42,OK
45,esp32_bmp280,2026-06-23 09:31:32,24.20,,1013.11,OK
46,arduino_dht22,2026-06-23 09:31:33,23.00,45.40,,OK
47,esp32_bmp280,2026-06-23 09:31:33,24.29,,1012.52,OK
48,esp32_bmp280,2026-06-23 09:31:34,24.42,,1012.98,OK
49,arduino_dht22,2026-06-23 09:31:35,22.50,47.20,,OK
50,esp32_bmp280,2026-06-23 09:31:35,24.26,,1013.63,OK
51,esp32_bmp280,2026-06-23 09:31:36,24.42,,1012.46,OK
52,arduino_dht22,2026-06-23 09:31:37,23.50,45.10,,OK
53,esp32_bmp280,2026-06-23 09:31:37,24.34,,1012.56,OK
54,esp32_bmp280,2026-06-23 09:31:38,24.27,,1011.55,OK
55,arduino_dht22,2026-06-23 09:31:39,22.50,48.10,,OK
56,esp32_bmp280,2026-06-23 09:31:39,24.36,,1012.28,OK
57,esp32_bmp280,2026-06-23 09:31:40,24.16,,1012.32,OK
58,arduino_dht22,2026-06-23 09:31:41,22.70,46.00,,OK
59,esp32_bmp280,2026-06-23 09:31:41,24.23,,1012.76,OK
60,esp32_bmp280,2026-06-23 09:31:42,24.52,,1012.5,OK
61,arduino_dht22,2026-06-23 09:31:43,23.30,46.40,,OK
62,esp32_bmp280,2026-06-23 09:31:43,24.41,,1013.57,OK
63,esp32_bmp280,2026-06-23 09:31:44,24.32,,1012.78,OK
64,arduino_dht22,2026-06-23 09:31:45,22.90,47.40,,OK
65,esp32_bmp280,2026-06-23 09:31:45,24.51,,1013.93,OK
66,esp32_bmp280,2026-06-23 09:31:46,24.39,,1013.61,OK
67,arduino_dht22,2026-06-23 09:31:47,22.90,45.80,,OK
68,esp32_bmp280,2026-06-23 09:31:47,24.43,,1012.99,OK
69,esp32_bmp280,2026-06-23 09:31:48,24.26,,1013.63,OK
70,arduino_dht22,2026-06-23 09:31:49,23.00,46.10,,OK
71,esp32_bmp280,2026-06-23 09:31:49,24.30,,1012.48,OK
72,esp32_bmp280,2026-06-23 09:31:50,24.21,,1011.45,OK
73,arduino_dht22,2026-06-23 09:31:51,23.40,47.30,,OK
74,esp32_bmp280,2026-06-23 09:31:51,24.33,,1012.27,OK
75,esp32_bmp280,2026-06-23 09:31:52,24.39,,1012.33,OK
76,arduino_dht22,2026-06-23 09:31:53,23.10,46.00,,OK
77,esp32_bmp280,2026-06-23 09:31:53,24.39,,1011.87,OK
78,esp32_bmp280,2026-06-23 09:31:54,24.40,,1014.0,OK
79,arduino_dht22,2026-06-23 09:31:55,23.10,47.90,,OK
80,esp32_bmp280,2026-06-23 09:31:55,24.58,,1013.58,OK
81,esp32_bmp280,2026-06-23 09:31:56,24.48,,1011.94,OK
82,arduino_dht22,2026-06-23 09:31:57,23.00,46.50,,OK
83,esp32_bmp280,2026-06-23 09:31:57,24.37,,1012.3,OK
84,esp32_bmp280,2026-06-23 09:31:58,24.45,,1011.95,OK
85,arduino_dht22,2026-06-23 09:31:59,22.50,46.70,,OK
86,esp32_bmp280,2026-06-23 09:31:59,24.29,,1013.15,OK
87,esp32_bmp280,2026-06-23 09:32:00,24.25,,1011.58,OK
88,arduino_dht22,2026-06-23 09:32:01,22.40,45.20,,OK
89,esp32_bmp280,2026-06-23 09:32:01,24.42,,1012.99,OK
90,esp32_bmp280,2026-06-23 09:32:02,24.59,,1012.41,OK
91,arduino_dht22,2026-06-23 09:32:03,22.60,47.40,,OK
92,esp32_bmp280,2026-06-23 09:32:03,24.35,,1012.31,OK
93,esp32_bmp280,2026-06-23 09:32:04,24.58,,1013.97,OK
94,arduino_dht22,2026-06-23 09:32:05,23.70,47.90,,OK
95,esp32_bmp280,2026-06-23 09:32:05,24.39,,1013.6,OK
96,esp32_bmp280,2026-06-23 09:32:06,24.27,,1012.09,OK
97,arduino_dht22,2026-06-23 09:32:07,22.90,45.70,,OK
98,esp32_bmp280,2026-06-23 09:32:07,24.35,,1013.69,OK
99,esp32_bmp280,2026-06-23 09:32:08,24.31,,1013.82,OK
100,arduino_dht22,2026-06-23 09:32:09,22.50,45.30,,OK
101,esp32_bmp280,2026-06-23 09:32:09,24.33,,1013.33,OK
102,esp32_bmp280,2026-06-23 09:32:10,24.52,,1012.19,OK
103,arduino_dht22,2026-06-23 09:32:11,22.60,46.90,,OK
104,esp32_bmp280,2026-06-23 09:32:11,24.16,,1011.87,OK
105,esp32_bmp280,2026-06-23 09:32:12,24.53,,1012.8,OK
106,arduino_dht22,2026-06-23 09:32:13,23.70,46.30,,OK
107,esp32_bmp280,2026-06-23 09:32:13,24.22,,1013.96,OK
108,esp32_bmp280,2026-06-23 09:32:14,24.45,,1013.87,OK
109,arduino_dht22,2026-06-23 09:32:15,22.60,45.70,,OK
110,esp32_bmp280,2026-06-23 09:32:15,24.47,,1013.5,OK
111,esp32_bmp280,2026-06-23 09:32:16,24.34,,1012.83,OK
112,arduino_dht22,2026-06-23 09:32:17,23.60,48.40,,OK
113,esp32_bmp280,2026-06-23 09:32:17,24.42,,1012.41,OK
114,esp32_bmp280,2026-06-23 09:32:18,24.16,,1013.39,OK
115,arduino_dht22,2026-06-23 09:32:19,23.20,47.60,,OK
116,esp32_bmp280,2026-06-23 09:32:19,24.29,,1013.35,OK
117,esp32_bmp280,2026-06-23 09:32:20,24.58,,1013.69,OK
118,arduino_dht22,2026-06-23 09:32:21,23.40,46.60,,OK
119,esp32_bmp280,2026-06-23 09:32:21,24.61,,1012.97,OK
120,esp32_bmp280,2026-06-23 09:32:22,24.36,,1011.93,OK
121,arduino_dht22,2026-06-23 09:32:23,22.90,45.70,,OK
122,esp32_bmp280,2026-06-23 09:32:23,24.17,,1011.65,OK
123,esp32_bmp280,2026-06-23 09:32:24,24.21,,1013.8,OK
124,arduino_dht22,2026-06-23 09:32:25,22.80,45.40,,OK
125,esp32_bmp280,2026-06-23 09:32:25,24.42,,1013.29,OK
126,esp32_bmp280,2026-06-23 09:32:26,24.47,,1011.61,OK
127,arduino_dht22,2026-06-23 09:32:27,22.20,48.50,,OK
128,esp32_bmp280,2026-06-23 09:32:27,24.16,,1012.2,OK
129,esp32_bmp280,2026-06-23 09:32:28,24.22,,1011.64,OK
130,arduino_dht22,2026-06-23 09:32:29,23.80,45.30,,OK
131,esp32_bmp280,2026-06-23 09:32:29,24.21,,1013.37,OK
132,esp32_bmp280,2026-06-23 09:32:30,24.62,,1012.54,OK
133,arduino_dht22,2026-06-23 09:32:31,23.50,46.60,,OK
134,esp32_bmp280,2026-06-23 09:32:31,24.65,,1011.46,OK
135,esp32_bmp280,2026-06-23 09:32:32,24.35,,1012.85,OK
136,arduino_dht22,2026-06-23 09:32:33,23.30,48.00,,OK
137,esp32_bmp280,2026-06-23 09:32:33,24.39,,1012.3,OK
138,esp32_bmp280,2026-06-23 09:32:34,24.15,,1011.83,OK
139,arduino_dht22,2026-06-23 09:32:35,23.50,47.60,,OK
140,esp32_bmp280,2026-06-23 09:32:35,24.43,,1011.48,OK
141,esp32_bmp280,2026-06-23 09:32:36,24.42,,1011.51,OK
142,arduino_dht22,2026-06-23 09:32:37,22.50,47.80,,OK
143,esp32_bmp280,2026-06-23 09:32:37,24.27,,1012.77,OK
144,esp32_bmp280,2026-06-23 09:32:38,24.59,,1012.12,OK
145,arduino_dht22,2026-06-23 09:32:39,22.10,47.90,,OK
146,esp32_bmp280,2026-06-23 09:32:39,24.23,,1011.44,OK
147,esp32_bmp280,2026-06-23 09:32:40,24.61,,1013.08,OK
148,arduino_dht22,2026-06-23 09:32:41,22.30,48.40,,OK
149,esp32_bmp280,2026-06-23 09:32:41,24.44,,1013.77,OK
150,esp32_bmp280,2026-06-23 09:32:42,24.31,,1013.59,OK
151,arduino_dht22,2026-06-23 09:32:43,22.40,48.20,,OK
152,esp32_bmp280,2026-06-23 09:32:43,24.45,,1013.07,OK
153,esp32_bmp280,2026-06-23 09:32:44,24.59,,1013.36,OK
154,arduino_dht22,2026-06-23 09:32:45,23.40,48.10,,OK
155,esp32_bmp280,2026-06-23 09:32:45,24.27,,1013.92,OK
156,esp32_bmp280,2026-06-23 09:32:46,24.60,,1011.97,OK
157,arduino_dht22,2026-06-23 09:32:47,23.80,45.40,,OK
158,esp32_bmp280,2026-06-23 09:32:47,24.53,,1012.36,OK
159,esp32_bmp280,2026-06-23 09:32:48,24.37,,1013.23,OK
160,arduino_dht22,2026-06-23 09:32:49,23.60,48.40,,OK
161,esp32_bmp280,2026-06-23 09:32:50,24.45,,1013.43,OK
162,esp32_bmp280,2026-06-23 09:32:51,24.21,,1011.73,OK
163,arduino_dht22,2026-06-23 09:32:51,22.30,45.60,,OK
164,esp32_bmp280,2026-06-23 09:32:52,24.41,,1012.05,OK
165,esp32_bmp280,2026-06-23 09:32:53,24.33,,1012.18,OK
166,arduino_dht22,2026-06-23 09:32:53,23.60,46.90,,OK
167,esp32_bmp280,2026-06-23 09:32:54,24.19,,1013.23,OK
168,esp32_bmp280,2026-06-23 09:32:55,24.47,,1011.41,OK
169,arduino_dht22,2026-06-23 09:32:55,23.40,48.10,,OK
170,esp32_bmp280,2026-06-23 09:32:56,24.21,,1011.92,OK
171,esp32_bmp280,2026-06-23 09:32:57,24.64,,1011.93,OK
172,arduino_dht22,2026-06-23 09:32:57,22.20,46.20,,OK
173,esp32_bmp280,2026-06-23 09:32:58,24.37,,1011.78,OK
174,esp32_bmp280,2026-06-23 09:32:59,24.17,,1011.83,OK
175,arduino_dht22,2026-06-23 09:32:59,23.70,46.30,,OK
176,esp32_bmp280,2026-06-23 09:33:00,24.57,,1013.86,OK
177,esp32_bmp280,2026-06-23 09:33:01,24.27,,1013.62,OK
178,arduino_dht22,2026-06-23 09:33:01,23.40,46.60,,OK
179,esp32_bmp280,2026-06-23 09:33:02,24.41,,1013.83,OK
180,esp32_bmp280,2026-06-23 09:33:03,24.53,,1012.87,OK
181,arduino_dht22,2026-06-23 09:33:03,22.50,47.50,,OK
182,esp32_bmp280,2026-06-23 09:33:04,24.53,,1013.25,OK
183,esp32_bmp280,2026-06-23 09:33:05,24.47,,1012.71,OK
184,arduino_dht22,2026-06-23 09:33:05,22.30,46.30,,OK
185,esp32_bmp280,2026-06-23 09:33:06,24.62,,1012.98,OK
186,esp32_bmp280,2026-06-23 09:33:07,24.29,,1013.57,OK
187,arduino_dht22,2026-06-23 09:33:07,22.10,45.40,,OK
188,esp32_bmp280,2026-06-23 09:33:08,24.24,,1013.76,OK
189,esp32_bmp280,2026-06-23 09:33:09,24.31,,1012.27,OK
190,arduino_dht22,2026-06-23 09:33:09,23.10,48.10,,OK
191,esp32_bmp280,2026-06-23 09:33:10,24.37,,1012.08,OK
192,esp32_bmp280,2026-06-23 09:33:11,24.42,,1012.15,OK
193,arduino_dht22,2026-06-23 09:33:11,23.40,47.50,,OK
194,esp32_bmp280,2026-06-23 09:33:12,24.58,,1012.21,OK
195,esp32_bmp280,2026-06-23 09:33:13,24.43,,1012.16,OK
196,arduino_dht22,2026-06-23 09:33:13,22.70,48.30,,OK
197,esp32_bmp280,2026-06-23 09:33:14,24.36,,1012.09,OK
198,esp32_bmp280,2026-06-23 09:33:15,24.35,,1012.67,OK
199,arduino_dht22,2026-06-23 11:11:39,23.20,47.90,,OK
200,esp32_bmp280,2026-06-23 11:11:39,24.43,,1013.66,OK
201,esp32_bmp280,2026-06-23 11:11:40,24.43,,1011.68,OK
202,arduino_dht22,2026-06-23 11:11:41,23.70,47.30,,OK
203,esp32_bmp280,2026-06-23 11:11:41,24.34,,1013.1,OK
204,esp32_bmp280,2026-06-23 11:11:42,24.56,,1011.94,OK
205,arduino_dht22,2026-06-23 11:11:43,23.70,46.40,,OK
206,esp32_bmp280,2026-06-23 11:11:43,24.47,,1012.13,OK
207,esp32_bmp280,2026-06-23 11:11:44,24.44,,1012.54,OK
208,arduino_dht22,2026-06-23 11:11:45,22.80,45.70,,OK
209,esp32_bmp280,2026-06-23 11:11:45,24.22,,1012.97,OK
210,esp32_bmp280,2026-06-23 11:11:46,24.58,,1012.51,OK
211,arduino_dht22,2026-06-23 11:11:47,22.20,47.20,,OK
212,esp32_bmp280,2026-06-23 11:11:47,24.28,,1012.23,OK
213,esp32_bmp280,2026-06-23 11:11:48,24.55,,1012.46,OK
214,arduino_dht22,2026-06-23 11:11:49,23.20,46.10,,OK
215,esp32_bmp280,2026-06-23 11:11:49,24.19,,1011.45,OK
216,esp32_bmp280,2026-06-23 11:11:50,24.18,,1014.03,OK
217,arduino_dht22,2026-06-23 11:11:51,22.50,45.20,,OK
218,esp32_bmp280,2026-06-23 11:11:51,24.22,,1013.64,OK
219,esp32_bmp280,2026-06-23 11:11:52,24.36,,1011.62,OK
220,arduino_dht22,2026-06-23 11:11:53,23.70,47.20,,OK
221,esp32_bmp280,2026-06-23 11:11:53,24.57,,1012.06,OK
222,esp32_bmp280,2026-06-23 11:11:54,24.50,,1013.25,OK
223,arduino_dht22,2026-06-23 11:11:55,23.30,46.40,,OK
224,esp32_bmp280,2026-06-23 11:11:55,24.46,,1011.74,OK
225,esp32_bmp280,2026-06-23 11:11:56,24.27,,1013.57,OK
226,arduino_dht22,2026-06-23 11:11:57,22.20,47.60,,OK
227,esp32_bmp280,2026-06-23 11:11:57,24.15,,1012.35,OK
228,esp32_bmp280,2026-06-23 11:11:58,24.54,,1012.63,OK
229,arduino_dht22,2026-06-23 11:11:59,22.50,45.90,,OK
230,esp32_bmp280,2026-06-23 11:11:59,24.17,,1013.92,OK
231,esp32_bmp280,2026-06-23 11:12:00,24.32,,1013.12,OK
232,arduino_dht22,2026-06-23 11:12:01,23.70,47.40,,OK
233,esp32_bmp280,2026-06-23 11:12:01,24.54,,1012.73,OK
234,esp32_bmp280,2026-06-23 11:12:02,24.56,,1012.04,OK
235,arduino_dht22,2026-06-23 11:12:03,22.60,47.60,,OK
236,esp32_bmp280,2026-06-23 11:12:03,24.60,,1013.71,OK
237,esp32_bmp280,2026-06-23 11:12:04,24.62,,1012.03,OK
238,arduino_dht22,2026-06-23 11:12:05,23.70,45.30,,OK
239,esp32_bmp280,2026-06-23 11:12:05,24.58,,1013.42,OK
240,esp32_bmp280,2026-06-23 11:12:06,24.57,,1013.13,OK
241,arduino_dht22,2026-06-23 11:12:07,22.50,48.40,,OK
242,esp32_bmp280,2026-06-23 11:12:07,24.42,,1011.88,OK
243,esp32_bmp280,2026-06-23 11:12:08,24.61,,1012.89,OK
244,arduino_dht22,2026-06-23 11:12:09,22.60,45.00,,OK
245,esp32_bmp280,2026-06-23 11:12:09,24.45,,1011.42,OK
246,esp32_bmp280,2026-06-23 11:12:10,24.51,,1013.13,OK
247,arduino_dht22,2026-06-23 11:12:11,22.20,46.10,,OK
248,esp32_bmp280,2026-06-23 11:12:11,24.63,,1012.95,OK
249,esp32_bmp280,2026-06-23 11:12:12,24.22,,1013.22,OK
250,arduino_dht22,2026-06-23 11:12:13,23.00,46.20,,OK
251,esp32_bmp280,2026-06-23 11:12:13,24.17,,1011.88,OK
252,esp32_bmp280,2026-06-23 11:12:14,24.52,,1013.54,OK
253,arduino_dht22,2026-06-23 11:12:15,22.70,45.30,,OK
254,esp32_bmp280,2026-06-23 11:12:15,24.18,,1012.01,OK
255,esp32_bmp280,2026-06-23 11:12:16,24.53,,1013.9,OK
256,arduino_dht22,2026-06-23 11:12:17,23.70,45.20,,OK
257,esp32_bmp280,2026-06-23 11:12:17,24.46,,1014.01,OK
258,esp32_bmp280,2026-06-23 11:12:18,24.20,,1012.13,OK
259,arduino_dht22,2026-06-23 11:12:19,23.00,45.30,,OK
260,esp32_bmp280,2026-06-23 11:12:19,24.27,,1011.86,OK
261,esp32_bmp280,2026-06-23 11:12:20,24.24,,1013.42,OK
262,arduino_dht22,2026-06-23 11:12:21,23.00,46.00,,OK
263,esp32_bmp280,2026-06-23 11:12:21,24.39,,1011.67,OK
264,esp32_bmp280,2026-06-23 11:12:22,24.40,,1014.01,OK
265,arduino_dht22,2026-06-23 11:12:23,22.60,45.70,,OK
266,esp32_bmp280,2026-06-23 11:12:23,24.57,,1012.4,OK
267,esp32_bmp280,2026-06-23 11:12:24,24.61,,1012.19,OK
268,arduino_dht22,2026-06-23 11:12:25,23.40,46.90,,OK
269,esp32_bmp280,2026-06-23 11:12:25,24.64,,1013.17,OK
270,esp32_bmp280,2026-06-23 11:12:26,24.20,,1012.29,OK
271,arduino_dht22,2026-06-23 11:12:27,22.40,45.90,,OK
272,esp32_bmp280,2026-06-23 11:12:27,24.37,,1013.93,OK
273,esp32_bmp280,2026-06-23 11:12:28,24.39,,1012.49,OK
274,arduino_dht22,2026-06-23 11:12:29,22.90,45.10,,OK
275,esp32_bmp280,2026-06-23 11:12:29,24.21,,1012.44,OK
276,esp32_bmp280,2026-06-23 11:12:30,24.38,,1013.65,OK
277,arduino_dht22,2026-06-23 11:12:31,23.20,48.10,,OK
278,esp32_bmp280,2026-06-23 11:12:31,24.23,,1011.48,OK
279,esp32_bmp280,2026-06-23 11:12:32,24.42,,1013.21,OK
280,arduino_dht22,2026-06-23 11:12:33,23.00,46.00,,OK
281,esp32_bmp280,2026-06-23 11:12:33,24.45,,1013.34,OK
282,esp32_bmp280,2026-06-23 11:12:34,24.39,,1013.36,OK
283,arduino_dht22,2026-06-23 11:12:35,23.60,47.50,,OK
284,esp32_bmp280,2026-06-23 11:12:35,24.51,,1013.78,OK
285,esp32_bmp280,2026-06-23 11:12:36,24.42,,1012.23,OK
286,arduino_dht22,2026-06-23 11:12:37,22.10,47.00,,OK
287,esp32_bmp280,2026-06-23 11:12:37,24.18,,1013.01,OK
288,esp32_bmp280,2026-06-23 11:12:38,24.15,,1013.03,OK
289,arduino_dht22,2026-06-23 11:12:39,23.10,47.70,,OK
290,esp32_bmp280,2026-06-23 11:12:39,24.41,,1011.77,OK
291,esp32_bmp280,2026-06-23 11:12:40,24.52,,1013.5,OK
292,arduino_dht22,2026-06-23 11:12:41,23.60,47.50,,OK
293,esp32_bmp280,2026-06-23 11:12:41,24.56,,1013.98,OK
294,esp32_bmp280,2026-06-23 11:12:42,24.17,,1011.75,OK
295,arduino_dht22,2026-06-23 11:12:43,23.30,45.10,,OK
296,esp32_bmp280,2026-06-23 11:12:43,24.28,,1013.5,OK
297,esp32_bmp280,2026-06-23 11:12:44,24.32,,1012.52,OK
298,arduino_dht22,2026-06-23 11:12:45,23.00,47.90,,OK
299,esp32_bmp280,2026-06-23 11:12:45,24.20,,1012.44,OK
300,esp32_bmp280,2026-06-23 11:12:46,24.38,,1012.62,OK
301,arduino_dht22,2026-06-23 11:12:47,22.90,46.30,,OK
302,esp32_bmp280,2026-06-23 11:12:47,24.41,,1011.74,OK
303,esp32_bmp280,2026-06-23 11:12:48,24.18,,1013.93,OK
304,arduino_dht22,2026-06-23 11:12:49,22.40,46.80,,OK
305,esp32_bmp280,2026-06-23 11:12:49,24.63,,1014.02,OK
306,esp32_bmp280,2026-06-23 11:12:50,24.52,,1011.81,OK
307,arduino_dht22,2026-06-23 11:12:51,22.80,46.50,,OK
308,esp32_bmp280,2026-06-23 11:12:51,24.26,,1013.69,OK
309,esp32_bmp280,2026-06-23 11:12:52,24.54,,1011.64,OK
310,arduino_dht22,2026-06-23 11:12:53,23.80,48.10,,OK
311,esp32_bmp280,2026-06-23 11:12:53,24.34,,1013.01,OK
312,esp32_bmp280,2026-06-23 11:12:54,24.27,,1013.41,OK
313,arduino_dht22,2026-06-23 11:12:55,22.80,46.10,,OK
314,esp32_bmp280,2026-06-23 11:12:55,24.53,,1011.76,OK
315,esp32_bmp280,2026-06-23 11:12:56,24.43,,1012.51,OK
316,arduino_dht22,2026-06-23 11:12:57,23.10,45.10,,OK
317,esp32_bmp280,2026-06-23 11:12:57,24.60,,1013.23,OK
318,esp32_bmp280,2026-06-23 11:12:58,24.55,,1012.28,OK
319,arduino_dht22,2026-06-23 11:12:59,23.50,47.60,,OK
320,esp32_bmp280,2026-06-23 11:12:59,24.23,,1012.83,OK
321,esp32_bmp280,2026-06-23 11:13:00,24.27,,1011.63,OK
322,arduino_dht22,2026-06-23 11:13:01,22.80,46.90,,OK
323,esp32_bmp280,2026-06-23 11:13:01,24.46,,1011.82,OK
324,esp32_bmp280,2026-06-23 11:13:02,24.15,,1013.51,OK
325,arduino_dht22,2026-06-23 11:13:03,22.50,45.50,,OK
326,esp32_bmp280,2026-06-23 11:13:03,24.38,,1013.62,OK
327,esp32_bmp280,2026-06-23 11:13:04,24.25,,1014.09,OK
328,arduino_dht22,2026-06-23 11:13:05,22.70,48.00,,OK
329,esp32_bmp280,2026-06-23 11:13:05,24.37,,1013.33,OK
330,esp32_bmp280,2026-06-23 11:13:06,24.56,,1012.16,OK
331,arduino_dht22,2026-06-23 11:13:07,22.80,47.40,,OK
332,esp32_bmp280,2026-06-23 11:13:07,24.33,,1013.17,OK
333,esp32_bmp280,2026-06-23 11:13:08,24.31,,1012.05,OK
334,arduino_dht22,2026-06-23 11:13:09,22.70,46.00,,OK
335,esp32_bmp280,2026-06-23 11:13:09,24.64,,1011.73,OK
336,esp32_bmp280,2026-06-23 11:13:10,24.45,,1011.79,OK
337,arduino_dht22,2026-06-23 11:13:11,22.80,46.00,,OK
338,esp32_bmp280,2026-06-23 11:13:11,24.28,,1012.91,OK
339,esp32_bmp280,2026-06-23 11:13:12,24.58,,1011.65,OK
340,arduino_dht22,2026-06-23 11:13:13,22.50,47.60,,OK
341,esp32_bmp280,2026-06-23 11:13:13,24.34,,1011.96,OK
342,esp32_bmp280,2026-06-23 11:13:14,24.38,,1013.32,OK
343,arduino_dht22,2026-06-23 11:13:15,22.10,46.80,,OK
344,esp32_bmp280,2026-06-23 11:13:15,24.55,,1011.84,OK
345,esp32_bmp280,2026-06-23 11:13:16,24.36,,1014.02,OK
346,arduino_dht22,2026-06-23 11:13:17,23.40,48.20,,OK
347,esp32_bmp280,2026-06-23 11:13:17,24.62,,1013.3,OK
348,esp32_bmp280,2026-06-23 11:13:18,24.31,,1011.61,OK
349,arduino_dht22,2026-06-23 11:13:19,22.10,46.10,,OK
350,esp32_bmp280,2026-06-23 11:13:19,24.52,,1011.6,OK
351,esp32_bmp280,2026-06-23 11:13:20,24.21,,1013.62,OK
352,arduino_dht22,2026-06-23 11:13:21,23.00,48.30,,OK
353,esp32_bmp280,2026-06-23 11:13:21,24.62,,1011.74,OK
354,esp32_bmp280,2026-06-23 11:13:22,24.18,,1012.09,OK
355,arduino_dht22,2026-06-23 11:13:23,23.80,47.10,,OK
356,esp32_bmp280,2026-06-23 11:13:23,24.59,,1012.95,OK
357,esp32_bmp280,2026-06-23 11:13:24,24.60,,1013.85,OK
358,arduino_dht22,2026-06-23 11:13:25,23.20,46.70,,OK
359,esp32_bmp280,2026-06-23 11:13:25,24.33,,1012.17,OK
360,esp32_bmp280,2026-06-23 11:13:26,24.28,,1013.91,OK
361,arduino_dht22,2026-06-23 11:13:27,23.60,48.00,,OK
362,esp32_bmp280,2026-06-23 11:13:27,24.24,,1013.56,OK
363,esp32_bmp280,2026-06-23 11:13:28,24.58,,1012.46,OK
364,arduino_dht22,2026-06-23 11:13:29,23.10,45.60,,OK
365,esp32_bmp280,2026-06-23 11:13:29,24.25,,1012.81,OK
366,esp32_bmp280,2026-06-23 11:13:30,24.40,,1011.88,OK
367,arduino_dht22,2026-06-23 11:13:31,22.30,47.50,,OK
368,esp32_bmp280,2026-06-23 11:13:31,24.33,,1014.03,OK
369,esp32_bmp280,2026-06-23 11:13:32,24.56,,1013.24,OK
370,arduino_dht22,2026-06-23 11:13:33,23.60,48.10,,OK
371,esp32_bmp280,2026-06-23 11:13:33,24.35,,1011.7,OK
372,esp32_bmp280,2026-06-23 11:13:34,24.19,,1013.45,OK
373,arduino_dht22,2026-06-23 11:13:35,23.00,47.20,,OK
374,esp32_bmp280,2026-06-23 11:13:35,24.31,,1013.99,OK
375,esp32_bmp280,2026-06-23 11:13:36,24.28,,1012.16,OK
376,arduino_dht22,2026-06-23 11:13:37,23.00,46.00,,OK
377,esp32_bmp280,2026-06-23 11:13:37,24.32,,1013.52,OK
378,esp32_bmp280,2026-06-23 11:13:38,24.46,,1011.72,OK
379,arduino_dht22,2026-06-23 11:13:39,23.30,46.70,,OK
380,esp32_bmp280,2026-06-23 11:13:39,24.35,,1011.73,OK
381,esp32_bmp280,2026-06-23 11:13:40,24.63,,1014.03,OK
382,arduino_dht22,2026-06-23 11:13:41,22.30,48.50,,OK
383,esp32_bmp280,2026-06-23 11:13:41,24.22,,1011.84,OK
384,esp32_bmp280,2026-06-23 11:13:42,24.19,,1014.07,OK
385,arduino_dht22,2026-06-23 11:13:43,22.20,47.00,,OK
386,esp32_bmp280,2026-06-23 11:13:43,24.46,,1013.7,OK
387,esp32_bmp280,2026-06-23 11:13:44,24.38,,1012.97,OK
388,arduino_dht22,2026-06-23 11:13:45,23.80,48.00,,OK
389,esp32_bmp280,2026-06-23 11:13:45,24.52,,1013.36,OK
390,esp32_bmp280,2026-06-23 11:13:46,24.50,,1013.8,OK
391,arduino_dht22,2026-06-23 11:13:47,22.90,47.40,,OK
392,esp32_bmp280,2026-06-23 11:13:47,24.49,,1013.68,OK
393,esp32_bmp280,2026-06-23 11:13:48,24.62,,1012.55,OK
394,arduino_dht22,2026-06-23 11:13:49,22.10,46.10,,OK
395,esp32_bmp280,2026-06-23 11:13:49,24.29,,1012.02,OK
396,esp32_bmp280,2026-06-23 11:13:50,24.36,,1012.43,OK
397,arduino_dht22,2026-06-23 11:13:51,22.40,47.60,,OK
398,esp32_bmp280,2026-06-23 11:13:51,24.28,,1013.9,OK
399,esp32_bmp280,2026-06-23 11:13:52,24.62,,1011.44,OK
400,arduino_dht22,2026-06-23 11:13:53,22.60,46.70,,OK
401,esp32_bmp280,2026-06-23 11:13:53,24.50,,1011.53,OK
402,esp32_bmp280,2026-06-23 11:13:54,24.54,,1011.92,OK
403,arduino_dht22,2026-06-23 11:13:55,22.40,48.40,,OK
404,esp32_bmp280,2026-06-23 11:13:55,24.62,,1013.31,OK
405,esp32_bmp280,2026-06-23 11:13:56,24.22,,1013.47,OK
406,arduino_dht22,2026-06-23 11:13:57,22.80,48.20,,OK
407,esp32_bmp280,2026-06-23 11:13:57,24.43,,1013.37,OK
408,esp32_bmp280,2026-06-23 11:13:58,24.49,,1011.48,OK
409,arduino_dht22,2026-06-23 11:13:59,23.20,48.00,,OK
410,esp32_bmp280,2026-06-23 11:13:59,24.48,,1013.21,OK
411,esp32_bmp280,2026-06-23 11:14:00,24.44,,1013.54,OK
412,arduino_dht22,2026-06-23 11:14:01,22.20,45.70,,OK
413,esp32_bmp280,2026-06-23 11:14:01,24.44,,1013.96,OK
414,esp32_bmp280,2026-06-23 11:14:02,24.41,,1011.61,OK
415,arduino_dht22,2026-06-23 11:14:03,22.80,47.80,,OK
416,esp32_bmp280,2026-06-23 11:14:03,24.33,,1011.65,OK
417,esp32_bmp280,2026-06-23 11:14:04,24.34,,1013.45,OK
418,arduino_dht22,2026-06-23 11:14:05,23.50,46.30,,OK
419,esp32_bmp280,2026-06-23 11:14:05,24.55,,1011.84,OK
420,esp32_bmp280,2026-06-23 11:14:06,24.19,,1012.59,OK
421,arduino_dht22,2026-06-23 11:14:07,23.60,48.30,,OK
422,esp32_bmp280,2026-06-23 11:14:07,24.56,,1012.45,OK
423,esp32_bmp280,2026-06-23 11:14:08,24.27,,1013.87,OK
424,arduino_dht22,2026-06-23 11:14:09,23.40,46.10,,OK
425,esp32_bmp280,2026-06-23 11:14:09,24.20,,1012.65,OK
426,esp32_bmp280,2026-06-23 11:14:10,24.65,,1012.22,OK
427,arduino_dht22,2026-06-23 11:14:11,22.30,46.90,,OK
428,esp32_bmp280,2026-06-23 11:14:11,24.18,,1012.14,OK
429,esp32_bmp280,2026-06-23 11:14:12,24.34,,1012.19,OK
430,arduino_dht22,2026-06-23 11:14:13,22.20,47.80,,OK
431,esp32_bmp280,2026-06-23 11:14:13,24.24,,1012.11,OK
432,esp32_bmp280,2026-06-23 11:14:14,24.55,,1012.55,OK
433,arduino_dht22,2026-06-23 11:14:15,23.30,47.40,,OK
434,esp32_bmp280,2026-06-23 11:14:15,24.42,,1012.65,OK
435,esp32_bmp280,2026-06-23 11:14:16,24.56,,1012.59,OK
436,arduino_dht22,2026-06-23 11:14:17,22.60,48.30,,OK
437,esp32_bmp280,2026-06-23 11:14:17,24.34,,1011.47,OK
438,esp32_bmp280,2026-06-23 11:14:18,24.18,,1013.35,OK
439,arduino_dht22,2026-06-23 11:14:19,23.50,47.90,,OK
440,esp32_bmp280,2026-06-23 11:14:19,24.35,,1012.01,OK
441,esp32_bmp280,2026-06-23 11:14:20,24.23,,1012.3,OK
442,arduino_dht22,2026-06-23 11:14:21,22.40,45.10,,OK
443,esp32_bmp280,2026-06-23 11:14:21,24.29,,1012.4,OK
444,esp32_bmp280,2026-06-23 11:14:22,24.53,,1013.43,OK
445,arduino_dht22,2026-06-23 11:14:23,22.90,48.20,,OK
446,esp32_bmp280,2026-06-23 11:14:23,24.51,,1012.46,OK
447,esp32_bmp280,2026-06-23 11:14:24,24.25,,1012.34,OK
448,arduino_dht22,2026-06-23 11:14:25,22.80,48.30,,OK
449,esp32_bmp280,2026-06-23 11:14:25,24.37,,1011.55,OK
450,esp32_bmp280,2026-06-23 11:14:26,24.64,,1012.78,OK
451,arduino_dht22,2026-06-23 11:14:27,23.50,48.20,,OK
452,esp32_bmp280,2026-06-23 11:14:28,24.38,,1013.38,OK
453,esp32_bmp280,2026-06-23 11:14:29,24.29,,1013.42,OK
454,arduino_dht22,2026-06-23 11:14:29,22.10,45.20,,OK
455,esp32_bmp280,2026-06-23 11:14:30,24.16,,1013.73,OK
456,esp32_bmp280,2026-06-23 11:14:31,24.36,,1011.83,OK
457,arduino_dht22,2026-06-23 11:14:31,22.60,46.40,,OK
458,esp32_bmp280,2026-06-23 11:14:32,24.30,,1013.01,OK
459,esp32_bmp280,2026-06-23 11:14:33,24.21,,1012.06,OK
460,arduino_dht22,2026-06-23 11:14:33,23.00,47.40,,OK
461,esp32_bmp280,2026-06-23 11:14:34,24.37,,1013.33,OK
462,esp32_bmp280,2026-06-23 11:14:35,24.53,,1012.24,OK
463,arduino_dht22,2026-06-23 11:14:35,22.60,46.30,,OK
464,esp32_bmp280,2026-06-23 11:14:36,24.24,,1013.77,OK
465,esp32_bmp280,2026-06-23 11:14:37,24.23,,1013.0,OK
466,arduino_dht22,2026-06-23 11:14:37,22.70,45.30,,OK
467,esp32_bmp280,2026-06-23 11:14:38,24.60,,1013.94,OK
468,esp32_bmp280,2026-06-23 11:14:39,24.30,,1011.6,OK
469,arduino_dht22,2026-06-23 11:14:39,23.80,48.10,,OK
470,esp32_bmp280,2026-06-23 11:14:40,24.52,,1011.62,OK
471,esp32_bmp280,2026-06-23 11:14:41,24.37,,1014.09,OK
472,arduino_dht22,2026-06-23 11:14:41,22.80,48.30,,OK
473,esp32_bmp280,2026-06-23 11:14:42,24.48,,1013.52,OK
474,esp32_bmp280,2026-06-23 11:14:43,24.46,,1013.05,OK
475,arduino_dht22,2026-06-23 11:14:43,22.40,46.70,,OK
476,esp32_bmp280,2026-06-23 11:14:44,24.50,,1012.33,OK
477,esp32_bmp280,2026-06-23 11:14:45,24.43,,1013.31,OK
478,arduino_dht22,2026-06-23 11:14:45,22.30,45.80,,OK
479,esp32_bmp280,2026-06-23 11:14:46,24.30,,1012.37,OK
480,esp32_bmp280,2026-06-23 11:14:47,24.34,,1012.08,OK
481,arduino_dht22,2026-06-23 11:14:47,23.40,45.40,,OK
482,esp32_bmp280,2026-06-23 11:14:48,24.49,,1014.03,OK
483,esp32_bmp280,2026-06-23 11:14:49,24.41,,1011.55,OK
484,arduino_dht22,2026-06-23 11:14:49,23.50,45.50,,OK
485,esp32_bmp280,2026-06-23 11:14:50,24.24,,1012.34,OK
486,esp32_bmp280,2026-06-23 11:14:51,24.34,,1011.47,OK
487,arduino_dht22,2026-06-23 11:14:51,23.50,46.60,,OK
488,esp32_bmp280,2026-06-23 11:14:52,24.57,,1012.51,OK
489,esp32_bmp280,2026-06-23 11:14:53,24.58,,1011.9,OK
490,arduino_dht22,2026-06-23 11:14:53,22.50,48.10,,OK
491,esp32_bmp280,2026-06-23 11:14:54,24.26,,1011.94,OK
492,esp32_bmp280,2026-06-23 11:14:55,24.44,,1012.37,OK
493,arduino_dht22,2026-06-23 11:14:55,22.60,45.20,,OK
494,esp32_bmp280,2026-06-23 11:14:56,24.34,,1012.13,OK
495,esp32_bmp280,2026-06-23 11:14:57,24.47,,1013.05,OK
496,arduino_dht22,2026-06-23 11:14:57,22.40,46.50,,OK
497,esp32_bmp280,2026-06-23 11:14:58,24.22,,1012.12,OK
498,esp32_bmp280,2026-06-23 11:14:59,24.32,,1012.85,OK
499,arduino_dht22,2026-06-23 11:14:59,23.60,47.60,,OK
500,esp32_bmp280,2026-06-23 11:15:00,24.46,,1013.8,OK
501,esp32_bmp280,2026-06-23 11:15:01,24.55,,1012.72,OK
502,arduino_dht22,2026-06-23 11:15:01,23.10,47.70,,OK
503,esp32_bmp280,2026-06-23 11:15:02,24.30,,1013.57,OK
504,esp32_bmp280,2026-06-23 11:15:03,24.63,,1011.93,OK
505,arduino_dht22,2026-06-23 11:15:03,22.80,45.00,,OK
506,esp32_bmp280,2026-06-23 11:15:04,24.38,,1011.81,OK
507,esp32_bmp280,2026-06-23 11:15:05,24.31,,1012.64,OK
508,arduino_dht22,2026-06-23 11:15:05,23.00,48.20,,OK
509,esp32_bmp280,2026-06-23 11:15:06,24.21,,1013.14,OK
510,esp32_bmp280,2026-06-23 11:15:07,24.33,,1012.74,OK
511,arduino_dht22,2026-06-23 11:15:07,23.30,46.00,,OK
512,esp32_bmp280,2026-06-23 11:15:08,24.37,,1012.2,OK
513,esp32_bmp280,2026-06-23 11:15:09,24.26,,1013.5,OK
514,arduino_dht22,2026-06-23 11:15:09,22.10,47.00,,OK
515,esp32_bmp280,2026-06-23 11:15:10,24.48,,1013.52,OK
516,esp32_bmp280,2026-06-23 11:15:11,24.22,,1012.73,OK
517,arduino_dht22,2026-06-23 11:15:11,22.30,46.20,,OK
518,esp32_bmp280,2026-06-23 11:15:12,24.48,,1013.21,OK
519,esp32_bmp280,2026-06-23 11:15:13,24.34,,1012.97,OK
520,arduino_dht22,2026-06-23 11:15:13,23.40,47.00,,OK
521,esp32_bmp280,2026-06-23 11:15:14,24.43,,1012.25,OK
522,esp32_bmp280,2026-06-23 11:15:15,24.60,,1011.48,OK
523,arduino_dht22,2026-06-23 11:15:15,22.20,47.10,,OK
524,esp32_bmp280,2026-06-23 11:15:16,24.51,,1013.6,OK
525,esp32_bmp280,2026-06-23 11:15:17,24.37,,1011.59,OK
526,arduino_dht22,2026-06-23 11:15:17,23.50,46.20,,OK
527,esp32_bmp280,2026-06-23 11:15:18,24.22,,1012.89,OK
528,esp32_bmp280,2026-06-23 11:15:19,24.60,,1013.57,OK
529,arduino_dht22,2026-06-23 11:15:19,23.80,45.80,,OK
530,esp32_bmp280,2026-06-23 11:15:20,24.33,,1012.43,OK
531,esp32_bmp280,2026-06-23 11:15:21,24.30,,1012.23,OK
532,arduino_dht22,2026-06-23 11:15:21,22.80,47.90,,OK
533,esp32_bmp280,2026-06-23 11:15:22,24.23,,1012.2,OK
534,esp32_bmp280,2026-06-23 11:15:23,24.36,,1012.75,OK
535,arduino_dht22,2026-06-23 11:15:23,23.20,45.30,,OK
536,esp32_bmp280,2026-06-23 11:15:24,24.46,,1012.58,OK
537,esp32_bmp280,2026-06-23 11:15:25,24.22,,1011.56,OK
538,arduino_dht22,2026-06-23 11:15:25,22.70,45.90,,OK
539,esp32_bmp280,2026-06-23 11:15:26,24.17,,1012.71,OK
540,esp32_bmp280,2026-06-23 11:15:27,24.35,,1011.59,OK
541,arduino_dht22,2026-06-23 11:15:27,22.40,45.90,,OK
542,esp32_bmp280,2026-06-23 11:15:28,24.30,,1011.64,OK
543,esp32_bmp280,2026-06-23 11:15:29,24.30,,1011.89,OK
544,arduino_dht22,2026-06-23 11:15:29,22.90,47.40,,OK
545,esp32_bmp280,2026-06-23 11:15:30,24.28,,1012.24,OK
546,esp32_bmp280,2026-06-23 11:15:31,24.18,,1013.43,OK
547,arduino_dht22,2026-06-23 11:15:31,22.80,47.30,,OK
548,esp32_bmp280,2026-06-23 11:15:32,24.56,,1012.87,OK
549,esp32_bmp280,2026-06-23 11:15:33,24.19,,1012.22,OK
550,arduino_dht22,2026-06-23 11:15:33,22.60,46.80,,OK
551,esp32_bmp280,2026-06-23 11:15:34,24.35,,1012.21,OK
552,esp32_bmp280,2026-06-23 11:15:35,24.61,,1013.68,OK
553,arduino_dht22,2026-06-23 11:15:35,22.50,47.10,,OK
554,esp32_bmp280,2026-06-23 11:15:36,24.61,,1013.79,OK
555,esp32_bmp280,2026-06-23 11:15:37,24.58,,1012.81,OK
556,arduino_dht22,2026-06-23 11:15:37,23.10,45.50,,OK
557,esp32_bmp280,2026-06-23 11:15:38,24.30,,1013.91,OK
558,esp32_bmp280,2026-06-23 11:15:39,24.36,,1012.0,OK
559,arduino_dht22,2026-06-23 11:15:39,23.30,47.60,,OK
560,esp32_bmp280,2026-06-23 11:15:40,24.29,,1013.73,OK
561,esp32_bmp280,2026-06-23 11:15:41,24.40,,1012.39,OK
562,arduino_dht22,2026-06-23 11:15:41,23.40,45.40,,OK
563,esp32_bmp280,2026-06-23 11:15:42,24.56,,1013.97,OK
564,esp32_bmp280,2026-06-23 11:15:43,24.45,,1011.42,OK
565,arduino_dht22,2026-06-23 11:15:43,23.50,46.90,,OK
566,esp32_bmp280,2026-06-23 11:15:44,24.39,,1012.89,OK
567,esp32_bmp280,2026-06-23 11:15:45,24.32,,1011.86,OK
568,arduino_dht22,2026-06-23 11:15:45,22.60,45.30,,OK
569,esp32_bmp280,2026-06-23 11:15:46,24.26,,1012.35,OK
570,esp32_bmp280,2026-06-23 11:15:47,24.31,,1012.68,OK
571,arduino_dht22,2026-06-23 11:15:47,23.00,46.60,,OK
572,esp32_bmp280,2026-06-23 11:15:48,24.34,,1012.12,OK
573,esp32_bmp280,2026-06-23 11:15:49,24.53,,1012.97,OK
574,arduino_dht22,2026-06-23 11:15:49,22.90,47.00,,OK
575,esp32_bmp280,2026-06-23 11:15:50,24.41,,1012.12,OK
576,esp32_bmp280,2026-06-23 11:15:51,24.64,,1011.57,OK
577,arduino_dht22,2026-06-23 11:15:51,23.50,46.40,,OK
578,esp32_bmp280,2026-06-23 11:15:52,24.38,,1012.43,OK
579,esp32_bmp280,2026-06-23 11:15:53,24.34,,1013.05,OK
580,arduino_dht22,2026-06-23 11:15:53,22.90,45.30,,OK
581,esp32_bmp280,2026-06-23 11:15:54,24.60,,1011.91,OK
582,esp32_bmp280,2026-06-23 11:15:55,24.16,,1012.61,OK
583,arduino_dht22,2026-06-23 11:15:55,22.20,46.20,,OK
584,esp32_bmp280,2026-06-23 11:15:56,24.28,,1012.39,OK
585,esp32_bmp280,2026-06-23 11:15:57,24.60,,1013.39,OK
586,arduino_dht22,2026-06-23 11:15:57,23.10,46.10,,OK
587,esp32_bmp280,2026-06-23 11:15:58,24.58,,1013.64,OK
588,esp32_bmp280,2026-06-23 11:15:59,24.44,,1012.67,OK
589,arduino_dht22,2026-06-23 11:15:59,23.20,45.30,,OK
590,esp32_bmp280,2026-06-23 11:16:00,24.47,,1012.12,OK
591,esp32_bmp280,2026-06-23 11:16:01,24.33,,1012.79,OK
592,arduino_dht22,2026-06-23 11:16:01,22.20,48.30,,OK
593,esp32_bmp280,2026-06-23 11:16:02,24.34,,1012.41,OK
594,esp32_bmp280,2026-06-23 11:16:03,24.22,,1012.27,OK
595,arduino_dht22,2026-06-23 11:16:03,23.50,48.30,,OK
596,esp32_bmp280,2026-06-23 11:16:04,24.28,,1011.83,OK
597,esp32_bmp280,2026-06-23 11:16:05,24.36,,1011.5,OK
598,arduino_dht22,2026-06-23 11:16:05,23.50,45.20,,OK
599,esp32_bmp280,2026-06-23 11:16:06,24.49,,1011.67,OK
600,esp32_bmp280,2026-06-23 11:16:07,24.19,,1013.82,OK
601,arduino_dht22,2026-06-23 11:16:07,22.70,46.00,,OK
602,esp32_bmp280,2026-06-23 11:16:08,24.15,,1013.94,OK
603,esp32_bmp280,2026-06-23 11:16:09,24.57,,1014.02,OK
604,arduino_dht22,2026-06-23 11:16:09,23.30,47.90,,OK
605,esp32_bmp280,2026-06-23 11:16:10,24.65,,1012.18,OK
606,esp32_bmp280,2026-06-23 11:16:11,24.19,,1011.87,OK
607,arduino_dht22,2026-06-23 11:16:11,23.00,47.10,,OK
608,esp32_bmp280,2026-06-23 11:16:12,24.32,,1011.83,OK
609,esp32_bmp280,2026-06-23 11:16:13,24.50,,1013.28,OK
610,arduino_dht22,2026-06-23 11:16:13,22.70,45.50,,OK
611,esp32_bmp280,2026-06-23 11:16:14,24.57,,1013.21,OK
612,esp32_bmp280,2026-06-23 11:16:15,24.25,,1013.78,OK
613,arduino_dht22,2026-06-23 11:16:15,23.60,48.00,,OK
614,esp32_bmp280,2026-06-23 11:16:16,24.40,,1012.37,OK
615,esp32_bmp280,2026-06-23 11:16:17,24.36,,1013.95,OK
616,arduino_dht22,2026-06-23 11:16:17,23.50,48.20,,OK
617,esp32_bmp280,2026-06-23 11:16:18,24.41,,1011.46,OK
618,esp32_bmp280,2026-06-23 11:16:19,24.37,,1013.69,OK
619,arduino_dht22,2026-06-23 11:16:19,23.00,48.20,,OK
620,esp32_bmp280,2026-06-23 11:16:20,24.34,,1011.91,OK
621,esp32_bmp280,2026-06-23 11:16:21,24.43,,1012.46,OK
622,arduino_dht22,2026-06-23 11:16:21,23.50,47.70,,OK
623,esp32_bmp280,2026-06-23 11:16:22,24.28,,1013.29,OK
624,esp32_bmp280,2026-06-23 11:16:23,24.59,,1011.61,OK
625,arduino_dht22,2026-06-23 11:16:23,22.40,47.60,,OK
626,esp32_bmp280,2026-06-23 11:16:24,24.54,,1012.87,OK
627,esp32_bmp280,2026-06-23 11:16:25,24.28,,1013.68,OK
628,arduino_dht22,2026-06-23 11:16:25,22.90,48.30,,OK
629,esp32_bmp280,2026-06-23 11:16:26,24.44,,1011.86,OK
630,esp32_bmp280,2026-06-23 11:16:27,24.46,,1011.52,OK
631,arduino_dht22,2026-06-23 11:16:27,23.60,48.00,,OK
632,esp32_bmp280,2026-06-23 11:16:28,24.59,,1012.48,OK
633,esp32_bmp280,2026-06-23 11:16:29,24.39,,1012.04,OK
634,arduino_dht22,2026-06-23 11:16:29,22.80,47.90,,OK
635,esp32_bmp280,2026-06-23 11:16:30,24.21,,1012.42,OK
636,esp32_bmp280,2026-06-23 11:16:31,24.53,,1013.02,OK
637,arduino_dht22,2026-06-23 11:16:31,23.30,46.30,,OK
638,esp32_bmp280,2026-06-23 11:16:32,24.46,,1012.57,OK
639,esp32_bmp280,2026-06-23 11:16:33,24.21,,1013.35,OK
640,arduino_dht22,2026-06-23 11:16:33,22.90,47.90,,OK
641,esp32_bmp280,2026-06-23 11:16:34,24.57,,1013.03,OK
642,esp32_bmp280,2026-06-23 11:16:35,24.52,,1013.18,OK
643,arduino_dht22,2026-06-23 11:16:35,23.50,45.10,,OK
644,esp32_bmp280,2026-06-23 11:16:36,24.47,,1013.71,OK
645,esp32_bmp280,2026-06-23 11:16:37,24.49,,1011.42,OK
646,arduino_dht22,2026-06-23 11:16:37,22.40,47.30,,OK
647,esp32_bmp280,2026-06-23 11:16:38,24.35,,1013.16,OK
648,esp32_bmp280,2026-06-23 11:16:39,24.21,,1013.69,OK
649,arduino_dht22,2026-06-23 11:16:39,22.90,46.50,,OK
650,esp32_bmp280,2026-06-23 11:16:40,24.20,,1013.35,OK
651,esp32_bmp280,2026-06-23 11:16:41,24.23,,1012.42,OK
652,arduino_dht22,2026-06-23 11:16:41,23.40,47.40,,OK
653,esp32_bmp280,2026-06-23 11:16:42,24.60,,1013.28,OK
654,esp32_bmp280,2026-06-23 11:16:43,24.31,,1012.66,OK
655,arduino_dht22,2026-06-23 11:16:43,22.90,46.80,,OK
656,esp32_bmp280,2026-06-23 11:16:44,24.26,,1013.09,OK
657,esp32_bmp280,2026-06-23 11:16:45,24.61,,1013.31,OK
658,arduino_dht22,2026-06-23 11:16:45,22.50,46.10,,OK
659,esp32_bmp280,2026-06-23 11:16:46,24.16,,1011.43,OK
660,esp32_bmp280,2026-06-23 11:16:47,24.40,,1012.07,OK
661,arduino_dht22,2026-06-23 11:16:47,23.00,45.90,,OK
662,esp32_bmp280,2026-06-23 11:16:48,24.30,,1011.67,OK
663,esp32_bmp280,2026-06-23 11:16:49,24.63,,1012.31,OK
664,arduino_dht22,2026-06-23 11:16:49,22.90,48.00,,OK
665,esp32_bmp280,2026-06-23 11:16:50,24.23,,1013.06,OK
